function,count,library
numpy.array,2092,pandas
numpy.nan,1988,pandas
numpy.ndarray.shape,690,skimage
numpy.arange,680,pandas
numpy.random,587,pandas
numpy.array,552,skimage
numpy.ndarray.dtype,542,pandas
numpy.zeros,447,skimage
numpy.random.mtrand.RandomState.randn,409,pandas
numpy.int64,359,pandas
numpy.testing._private.utils.assert_equal,338,skimage
numpy.ndarray.astype,335,pandas
numpy.dtype,313,pandas
builtins.iter,302,matplotlib
numpy.asarray,298,pandas
numpy.array,267,matplotlib
numpy.arange,267,xarray
numpy.ndarray.all,267,pandas
numpy.ndarray,252,pandas
numpy.testing._private.utils.assert_array_equal,238,skimage
numpy.ndarray.dtype,238,skimage
numpy.ndarray.astype,234,skimage
numpy.arange,233,matplotlib
numpy.ndarray.ndim,228,skimage
numpy.float64,226,pandas
numpy.timedelta64,216,pandas
numpy.uint8,204,skimage
numpy.array,194,xarray
numpy.ndarray.shape,193,matplotlib
numpy.nan,184,xarray
numpy.testing._private.utils.assert_almost_equal,181,skimage
numpy.testing._private.utils.assert_array_equal,178,xarray
numpy.ndarray.any,176,pandas
numpy.ones,170,skimage
numpy.array,160,dask.array
numpy.arange,151,dask.array
builtins.iter,151,pandas
numpy.ndarray.reshape,150,pandas
numpy.random,145,dask.array
numpy.random,145,skimage
numpy.ndarray.shape,138,pandas
numpy.isnan,133,pandas
numpy.random,130,xarray
numpy.arange,130,skimage
numpy.asarray,126,matplotlib
numpy.intp,125,pandas
numpy.datetime64,123,pandas
numpy.ndarray.ndim,122,pandas
numpy.int32,121,pandas
numpy.ndarray.copy,121,pandas
numpy.random,120,matplotlib
builtins.iter,120,skimage
numpy.zeros,118,pandas
numpy.testing._private.utils.assert_allclose,118,matplotlib
numpy.random.mtrand.RandomState.randn,114,xarray
numpy.ndarray.shape,112,dask.array
numpy.testing._private.utils.assert_array_equal,111,matplotlib
numpy.linspace,111,matplotlib
numpy.object_,109,pandas
numpy.sum,108,skimage
numpy.ndarray.dtype,106,dask.array
numpy.ndarray.view,105,pandas
numpy.ma,103,matplotlib
numpy.pi,101,matplotlib
numpy.ndarray.dtype,100,xarray
numpy.random.mtrand.RandomState.randint,98,pandas
numpy.empty,97,pandas
numpy.dtype.type,97,pandas
numpy.zeros,97,matplotlib
numpy.ndarray.reshape,96,skimage
numpy.errstate,95,pandas
numpy.ones,94,dask.array
numpy.mean,90,pandas
numpy.absolute,89,skimage
numpy.sqrt,88,skimage
numpy.sin,85,matplotlib
numpy.ones,84,pandas
numpy.asarray,84,xarray
numpy.testing._private.utils.assert_allclose,82,skimage
numpy.dtype.kind,82,pandas
numpy.all,82,skimage
numpy.asarray,81,skimage
numpy.pad,80,skimage
numpy.ndarray.take,79,pandas
numpy.bool_,78,pandas
numpy.sum,75,pandas
numpy.ndarray.sum,74,skimage
numpy.ndarray.ravel,73,skimage
numpy.ndarray.ndim,72,dask.array
numpy.ndarray.reshape,71,xarray
numpy.ndarray.reshape,70,dask.array
numpy.random.mtrand.RandomState.randint,69,dask.array
numpy.double,68,skimage
numpy.ndarray.ravel,68,pandas
numpy.absolute,67,matplotlib
numpy.testing._private.utils.assert_array_almost_equal,66,skimage
numpy.dtype.kind,66,xarray
numpy.ndarray.T,65,matplotlib
numpy.ndarray.max,65,skimage
numpy.vstack,65,matplotlib
numpy.linspace,64,xarray
numpy.ndarray.T,64,pandas
numpy.ndarray.reshape,64,matplotlib
numpy.concatenate,64,pandas
numpy.pi,64,skimage
numpy.where,64,pandas
numpy.repeat,63,pandas
numpy.sum,62,dask.array
numpy.cos,60,matplotlib
numpy.iterable,60,matplotlib
numpy.ndarray.ndim,60,matplotlib
numpy.ndarray.all,60,dask.array
numpy.inf,60,pandas
numpy.ndarray.T,60,skimage
numpy.int8,59,pandas
numpy.float32,58,pandas
numpy.bool,57,skimage
numpy.random.mtrand.RandomState.random,56,dask.array
numpy.mean,56,dask.array
numpy.ndarray.copy,56,skimage
numpy.ndarray.shape,56,xarray
numpy.ndarray.astype,55,dask.array
numpy.testing._private.utils.assert_,55,skimage
numpy.ndarray.size,55,skimage
numpy.all,55,pandas
numpy.ndarray,54,dask.array
numpy.ndarray.min,53,skimage
numpy.concatenate,53,matplotlib
numpy.float64,53,skimage
numpy.amax,53,skimage
numpy.isnan,52,dask.array
numpy.ndarray,52,xarray
numpy.float64,51,matplotlib
numpy.NaN,51,pandas
numpy.prod,50,dask.array
numpy.uint64,50,pandas
numpy.empty,50,skimage
numpy.ma,50,dask.array
numpy.ndarray.sum,49,pandas
numpy.ndarray.astype,49,matplotlib
numpy.nan,49,dask.array
numpy.random.mtrand.RandomState.rand,49,skimage
numpy.random.mtrand.RandomState.rand,49,pandas
numpy.ma.core.MaskedArray.shape,48,matplotlib
numpy.dtype,48,xarray
numpy.ndarray.all,48,skimage
numpy.add,47,pandas
numpy.newaxis,47,skimage
numpy.testing,47,xarray
numpy.zeros_like,46,skimage
numpy.ndarray.sum,46,dask.array
numpy.all,46,dask.array
numpy.float32,45,skimage
numpy.ndarray.ndim,45,xarray
numpy.ndarray.astype,45,xarray
numpy.ndarray.size,44,matplotlib
numpy.meshgrid,44,matplotlib
numpy.random.randint,43,pandas
numpy.nan,43,matplotlib
numpy.uint8,43,pandas
numpy.ndarray.max,43,matplotlib
numpy.linspace,42,skimage
numpy.ndarray.mean,42,skimage
numpy.random.mtrand.RandomState.seed,42,matplotlib
numpy.clip,41,skimage
numpy.sqrt,41,pandas
numpy.testing._private.utils.assert_array_almost_equal,41,matplotlib
numpy.bool,41,pandas
numpy.amin,41,dask.array
numpy.ndarray.size,40,pandas
numpy.testing,40,skimage
numpy.amax,40,dask.array
numpy.ones,40,xarray
numpy.mean,39,skimage
numpy.mgrid,39,skimage
numpy.nansum,39,dask.array
numpy.any,38,dask.array
numpy.zeros,38,dask.array
numpy.dtype.name,38,pandas
numpy.ones,37,matplotlib
numpy.std,37,dask.array
numpy.ascontiguousarray,37,skimage
numpy.int16,37,pandas
numpy.tile,36,pandas
numpy.ndarray.ravel,36,matplotlib
numpy.var,36,dask.array
numpy.float,35,skimage
numpy.cos,35,skimage
numpy.object,35,pandas
numpy.deg2rad,35,matplotlib
numpy.std,35,pandas
numpy.random.randint,35,dask.array
numpy.ndarray.std,34,skimage
numpy.testing,34,matplotlib
numpy.ndarray.min,33,matplotlib
numpy.any,33,pandas
numpy.timedelta64,32,xarray
numpy.int8,32,skimage
numpy.datetime64,32,xarray
numpy.ndarray.nonzero,32,pandas
numpy.any,32,skimage
numpy.sin,32,skimage
numpy.ndarray.repeat,32,pandas
numpy.float32,31,xarray
numpy.eye,31,skimage
numpy.inf,31,matplotlib
numpy.int32,31,matplotlib
numpy.ndarray.tolist,30,pandas
numpy.allclose,30,skimage
numpy.sqrt,30,matplotlib
numpy.amin,30,matplotlib
numpy.unique,30,skimage
numpy.integer,29,pandas
numpy.ma.core.MaskedArray.ndim,29,matplotlib
numpy.random.mtrand.RandomState.choice,28,pandas
numpy.hypot,28,matplotlib
numpy.issubdtype,28,xarray
numpy.amin,28,pandas
numpy.zeros,28,xarray
numpy.newaxis,28,matplotlib
builtins.iter,28,xarray
numpy.int32,27,skimage
numpy.uint16,27,skimage
numpy.testing._private.utils.assert_almost_equal,27,matplotlib
numpy.random.mtrand.RandomState,27,skimage
numpy.isfinite,27,matplotlib
numpy.ndarray.base,27,pandas
numpy.percentile,27,pandas
numpy.amax,27,pandas
numpy.ndarray.all,27,xarray
numpy.eye,27,dask.array
numpy.ndarray.fill,27,pandas
numpy.concatenate,26,skimage
numpy.putmask,26,pandas
numpy.empty,26,dask.array
numpy.amax,26,matplotlib
numpy.nanmax,26,dask.array
numpy.ceil,26,matplotlib
numpy.log10,26,matplotlib
numpy.linalg,25,skimage
numpy.column_stack,25,matplotlib
numpy.generic.astype,25,pandas
numpy.inf,25,skimage
numpy.ndarray.flatten,25,matplotlib
numpy.sum,25,matplotlib
numpy.random.mtrand.RandomState.random,25,pandas
numpy.prod,25,pandas
numpy.ceil,25,skimage
numpy.ndarray.size,24,xarray
numpy.ma.core.masked_invalid,24,matplotlib
numpy.ndarray.dtype,24,matplotlib
numpy.issubdtype,24,skimage
numpy.dot,24,dask.array
numpy.reshape,24,skimage
numpy.repeat,24,matplotlib
numpy.empty_like,23,skimage
numpy.ndarray.max,23,pandas
numpy.linalg,23,dask.array
numpy.int64,23,xarray
numpy.sort,23,pandas
numpy.ma.core.MaskedArray.mask,23,matplotlib
numpy.exp,23,skimage
numpy.random.mtrand.RandomState.rand,23,matplotlib
numpy.amin,23,skimage
numpy.nanmin,23,dask.array
numpy.absolute,23,pandas
numpy.empty,23,matplotlib
numpy.diagonal,22,dask.array
numpy.tile,22,matplotlib
numpy.diff,22,matplotlib
numpy.nanprod,22,dask.array
numpy.dot,22,matplotlib
numpy.full,22,skimage
numpy.ndarray.ravel,22,xarray
numpy.random.mtrand.RandomState,21,pandas
numpy.all,21,matplotlib
numpy.max,21,skimage
numpy.ndarray.any,21,matplotlib
numpy.clip,21,matplotlib
numpy.random.mtrand.RandomState.normal,21,matplotlib
numpy.log,21,matplotlib
numpy.ndarray.T,20,xarray
numpy.testing._private.utils.assert_allclose,20,xarray
numpy.iinfo.max,20,pandas
numpy.ma.core.MaskedArray.ndim,20,dask.array
numpy.number,20,pandas
numpy.random.mtrand.RandomState.randn,20,skimage
numpy.intp,20,dask.array
numpy.vstack,20,skimage
numpy.ravel,20,matplotlib
numpy.floor,19,matplotlib
numpy.take,19,pandas
numpy.random.mtrand.RandomState.rand,19,dask.array
numpy.random.mtrand.RandomState.normal,19,skimage
numpy.ma.core.MaskedArray.dtype,19,pandas
numpy.einsum,19,xarray
numpy.random.normal,19,matplotlib
numpy.linspace,19,pandas
numpy.iinfo,19,pandas
numpy.argmin,19,dask.array
numpy.ndarray.argsort,19,pandas
numpy.nan,19,skimage
numpy.ma.masked_array,18,dask.array
numpy.ndarray.searchsorted,18,pandas
numpy.concatenate,18,dask.array
numpy.mean,18,xarray
numpy.asarray,18,dask.array
numpy.uint8,18,matplotlib
numpy.nanvar,18,dask.array
numpy.ndarray.copy,18,matplotlib
numpy.nanstd,18,dask.array
numpy.where,18,dask.array
numpy.exp,18,matplotlib
numpy.ndarray,18,skimage
numpy.asanyarray,18,matplotlib
numpy.ndarray.flat,17,matplotlib
numpy.errstate,17,matplotlib
numpy.atleast_1d,17,matplotlib
numpy.hstack,17,matplotlib
numpy.cumsum,17,skimage
numpy.argmax,17,dask.array
numpy.ma.core.array,17,matplotlib
numpy.float64,17,dask.array
numpy.argsort,17,pandas
numpy.isscalar,17,skimage
numpy.random.mtrand.RandomState.seed,17,skimage
numpy.ndarray.all,17,matplotlib
numpy.complex128,16,pandas
numpy.hstack,16,skimage
numpy.uint32,16,skimage
numpy.bool_,16,skimage
numpy.isinf,16,pandas
numpy.ones_like,16,skimage
numpy.stack,16,skimage
numpy.random.mtrand.RandomState.seed,16,dask.array
numpy.allclose,16,dask.array
numpy.uint32,16,pandas
numpy.finfo,16,skimage
numpy.ma.array,16,matplotlib
numpy.ma,16,skimage
numpy.dtype,16,skimage
numpy.dtype.type,16,skimage
numpy.ndarray.setflags,16,pandas
numpy.where,16,skimage
numpy.float64,15,xarray
numpy.ndarray.min,15,pandas
numpy.zeros_like,15,matplotlib
numpy.ndarray.flags,15,pandas
numpy.dtype,15,dask.array
numpy.ndarray,15,matplotlib
numpy.shape,15,matplotlib
numpy.nanargmin,15,dask.array
numpy.intp,15,skimage
numpy.ma.core.MaskedArray.shape,15,dask.array
numpy.nonzero,15,skimage
numpy.multiply,15,skimage
numpy.ma.MaskedArray,15,matplotlib
numpy.empty_like,14,pandas
numpy.cumsum,14,dask.array
numpy.ndarray.tolist,14,matplotlib
numpy.r_,14,pandas
numpy.random.mtrand.RandomState.random,14,matplotlib
numpy.rollaxis,14,skimage
numpy.fft.fft,14,dask.array
numpy.linspace,14,dask.array
numpy.str_,14,xarray
numpy.ndarray.mean,14,matplotlib
numpy.random.mtrand.RandomState.random,14,skimage
numpy.ndarray.tolist,14,dask.array
numpy.load,14,skimage
numpy.ma.core.MaskedArray.dtype,14,matplotlib
numpy.random.uniform,14,skimage
numpy.add,14,dask.array
numpy.rad2deg,14,matplotlib
numpy.round_,14,skimage
numpy.int64,14,skimage
numpy.isscalar,14,dask.array
numpy.allclose,14,pandas
numpy.dot,14,pandas
numpy.isfinite,14,pandas
numpy.transpose,13,skimage
numpy.argmax,13,skimage
numpy.einsum,13,dask.array
numpy.ndarray.flat,13,pandas
numpy.sin,13,xarray
numpy.ndarray.sum,13,matplotlib
numpy.dtype.itemsize,13,pandas
numpy.ndarray.view,13,skimage
numpy.cumsum,13,pandas
numpy.int,13,skimage
numpy.interp,13,matplotlib
numpy.float_,13,pandas
numpy.deg2rad,13,skimage
numpy.roll,13,skimage
numpy.generic.item,13,pandas
numpy.random.rand,13,skimage
numpy.random.mtrand.RandomState.permutation,13,pandas
numpy.testing._private.utils.assert_array_less,13,skimage
numpy.ndarray.T,13,dask.array
numpy.log,13,dask.array
numpy.random.mtrand.RandomState.random,13,xarray
numpy.ma.core.MaskedArray.size,13,matplotlib
numpy.log,13,pandas
numpy.ndarray.any,13,skimage
numpy.true_divide,13,dask.array
numpy.round_,12,pandas
Type[numpy.ndarray].__name__,12,pandas
numpy.log,12,skimage
numpy.random.mtrand.RandomState.randint,12,skimage
numpy.floating,12,pandas
numpy.ndarray.item,12,pandas
numpy.exp,12,pandas
numpy.integer,12,xarray
numpy.int64,12,dask.array
numpy.random.mtrand.RandomState.seed,12,pandas
numpy.ma.core.MaskedArray.max,12,matplotlib
numpy.ndim,12,pandas
numpy.int16,12,skimage
numpy.ma.core.MaskedArray.filled,12,matplotlib
numpy.ma.core.MaskedArray.data,12,matplotlib
numpy.newaxis,12,xarray
numpy.any,12,matplotlib
numpy.expand_dims,12,matplotlib
numpy.argsort,12,skimage
numpy.dtype.kind,12,skimage
numpy.argmax,12,pandas
numpy.nanargmax,12,dask.array
numpy.ma.core.filled,12,matplotlib
numpy.insert,12,pandas
numpy.cumsum,12,matplotlib
numpy.unique,12,pandas
numpy.ma.core.asarray,12,matplotlib
numpy.random.mtrand.RandomState.uniform,12,skimage
numpy.ndarray.squeeze,11,pandas
numpy.sin,11,pandas
numpy.ma.core.is_masked,11,matplotlib
numpy.ma,11,xarray
numpy.median,11,pandas
numpy.allclose,11,xarray
numpy.var,11,pandas
numpy.generic.any,11,pandas
numpy.argmin,11,pandas
numpy.dtype.itemsize,11,dask.array
numpy.recarray.dtype,11,pandas
numpy.maximum,11,xarray
numpy.random.mtrand.RandomState.standard_normal,11,matplotlib
numpy.nanmin,11,pandas
numpy.pad,11,xarray
numpy.ufunc.reduce,11,pandas
numpy.nanmax,11,pandas
numpy.ndarray.any,11,dask.array
numpy.float32,11,matplotlib
numpy.issubdtype,11,pandas
numpy.ndarray.ravel,11,dask.array
numpy.sin,11,dask.array
numpy.float32,11,dask.array
numpy.fft.ifft,11,dask.array
numpy.hypot,11,skimage
numpy.remainder,11,dask.array
numpy.fft.fft2,11,dask.array
numpy.maximum,11,dask.array
numpy.sort,11,skimage
numpy.logical_and,11,skimage
numpy.isnan,11,skimage
numpy.absolute,11,dask.array
numpy.meshgrid,11,skimage
numpy.ndarray.flat,11,skimage
numpy.floating,11,skimage
numpy.fft.rfftn,10,dask.array
numpy.broadcast_to,10,matplotlib
numpy.fft.rfft2,10,dask.array
numpy.ndarray.size,10,dask.array
numpy.asanyarray,10,skimage
numpy.random.random,10,dask.array
numpy.random.mtrand.RandomState.randn,10,matplotlib
numpy.ma.core.masked_greater,10,dask.array
numpy.ma.core.MaskedArray.sum,10,dask.array
numpy.sqrt,10,dask.array
numpy.argsort,10,dask.array
numpy.ma.core.isMaskedArray,10,skimage
numpy.isnan,10,xarray
numpy.lexsort,10,pandas
numpy.fft.irfft,10,dask.array
numpy.fft.fftn,10,dask.array
numpy.apply_along_axis,10,pandas
numpy.ndarray.mean,10,pandas
numpy.logical_and,10,pandas
numpy.apply_over_axes,10,skimage
numpy.unravel_index,10,skimage
numpy.uint16,10,pandas
numpy.copy,10,skimage
numpy.subtract,10,pandas
numpy.ndarray.nbytes,10,pandas
numpy.fft.ihfft,10,dask.array
numpy.empty_like,10,matplotlib
numpy.ndarray.flatten,10,skimage
numpy.integer,10,skimage
numpy.ma.core.MaskedArray.min,10,matplotlib
numpy.fft.rfft,10,dask.array
numpy.floating,10,xarray
numpy.fft.hfft,10,dask.array
numpy.insert,10,dask.array
numpy.logaddexp,10,pandas
numpy.unique,10,xarray
numpy.ufunc.outer,10,dask.array
numpy.block,10,dask.array
numpy.empty,10,xarray
numpy.ndarray.mean,10,dask.array
numpy.float64.shape,10,dask.array
numpy.tile,9,skimage
numpy.mean,9,matplotlib
numpy.random.choice,9,pandas
numpy.diff,9,skimage
numpy.ma.core.MaskedArray,9,dask.array
numpy.ndarray.sum,9,xarray
numpy.bincount,9,pandas
numpy.finfo.eps,9,skimage
numpy.float64.dtype,9,pandas
numpy.ptp,9,matplotlib
numpy.ldexp,9,dask.array
numpy.ndarray.sort,9,skimage
numpy.size,9,matplotlib
numpy.arctan2,9,dask.array
numpy.floor,9,skimage
numpy.transpose,9,pandas
numpy.ma.masked_invalid,9,matplotlib
numpy.vstack,9,pandas
numpy.e,9,matplotlib
numpy.ma.core.MaskedArray,9,matplotlib
numpy.testing._private.utils.assert_equal,9,dask.array
numpy.nancumprod,9,dask.array
numpy.dtype.kind,9,matplotlib
numpy.fmax,9,dask.array
numpy.logical_or,9,dask.array
numpy.ufunc.accumulate,9,pandas
numpy.testing,9,dask.array
numpy.zeros_like,9,pandas
numpy.nancumsum,9,dask.array
numpy.generic.astype,9,matplotlib
numpy.isnan,9,matplotlib
numpy.logical_not,9,skimage
numpy.subtract,9,dask.array
numpy.r_,9,skimage
numpy.maximum,9,skimage
numpy.squeeze,9,skimage
numpy.flagsobj.writeable =,9,pandas
builtins.function.__name__,9,dask.array
numpy.arctan2,9,matplotlib
numpy.diff,9,xarray
numpy.dtype.itemsize,9,xarray
numpy.bincount,9,matplotlib
numpy.allclose,9,matplotlib
numpy.fmod,9,dask.array
numpy.transpose,9,dask.array
numpy.tensordot,8,dask.array
numpy.atleast_2d,8,pandas
numpy.mgrid,8,matplotlib
numpy.delete,8,pandas
numpy.bitwise_xor,8,dask.array
numpy.ma.extras.masked_all,8,pandas
numpy.newaxis,8,dask.array
numpy.minimum,8,dask.array
numpy.newaxis,8,pandas
numpy.amin,8,xarray
numpy.random.mtrand.RandomState.randint,8,xarray
numpy.bytes_,8,xarray
numpy.asanyarray,8,dask.array
numpy.fft,8,dask.array
numpy.str_,8,pandas
numpy.resize,8,matplotlib
numpy.tril,8,dask.array
numpy.float_power,8,dask.array
numpy.broadcast_to,8,dask.array
numpy.random.mtrand.RandomState.uniform,8,pandas
numpy.stack,8,xarray
numpy.diag,8,dask.array
numpy.bitwise_and,8,dask.array
numpy.datetime64,8,matplotlib
numpy.random.mtrand.RandomState.rand,8,xarray
numpy.random.randn,8,skimage
numpy.logaddexp2,8,dask.array
numpy.median,8,dask.array
numpy.unique,8,dask.array
numpy.less_equal,8,dask.array
numpy.ndarray.argmax,8,pandas
numpy.column_stack,8,skimage
numpy.ndarray.any,8,xarray
numpy.random.mtrand.RandomState,8,dask.array
numpy.ma.core.MaskedArray.ndim,8,skimage
numpy.shares_memory,8,pandas
numpy.int_,8,pandas
numpy.all,8,xarray
numpy.histogram,8,dask.array
numpy.nonzero,8,pandas
numpy.conjugate,8,dask.array
numpy.argmin,8,skimage
numpy.concatenate,8,xarray
numpy.equal,8,dask.array
numpy.multiply,8,dask.array
numpy.stack,8,dask.array
numpy.power,8,dask.array
numpy.ndarray.max,8,dask.array
numpy.real,8,skimage
numpy.nextafter,8,dask.array
numpy.sort,8,dask.array
numpy.full,8,matplotlib
numpy.ma.core.MaskedArray.reshape,8,matplotlib
numpy.errstate,8,dask.array
numpy.greater_equal,8,dask.array
numpy.square,8,dask.array
numpy.sum,8,xarray
numpy.append,8,pandas
numpy.cos,8,xarray
numpy.stack,8,matplotlib
numpy.unique,8,matplotlib
numpy.pi,8,xarray
numpy.log2,7,matplotlib
numpy.ndarray.round,7,pandas
numpy.signbit,7,pandas
numpy.product,7,skimage
numpy.diff,7,pandas
numpy.sign,7,dask.array
numpy.dtype.type,7,xarray
Type[numpy.ndarray].__module__,7,dask.array
numpy.count_nonzero,7,skimage
numpy.less,7,dask.array
numpy.gradient,7,skimage
numpy.greater,7,dask.array
numpy.result_type,7,pandas
numpy.not_equal,7,dask.array
numpy.generic.view,7,pandas
numpy.datetime64.dtype,7,pandas
numpy.ogrid,7,skimage
numpy.round_,7,matplotlib
builtins.iter,7,dask.array
numpy.iinfo.min,7,pandas
numpy.random.mtrand.RandomState.choice,7,skimage
numpy.degrees,7,dask.array
numpy.radians,7,matplotlib
numpy.power,7,matplotlib
numpy.amax,7,xarray
numpy.floor_divide,7,dask.array
numpy.tanh,7,dask.array
numpy.timedelta64.dtype,7,xarray
numpy.cosh,7,dask.array
numpy.min,7,pandas
numpy.hypot,7,dask.array
numpy.dtype.itemsize,7,skimage
numpy.invert,7,dask.array
numpy.ndarray.tolist,7,xarray
numpy.log1p,7,dask.array
numpy.ma.core.MaskedArray.dtype,7,dask.array
numpy.logaddexp,7,dask.array
numpy.modf,7,pandas
numpy.random.mtrand.RandomState.randn,7,dask.array
numpy.invert,7,skimage
numpy.nansum,7,pandas
numpy.ndarray.view,7,dask.array
numpy.generic.all,7,xarray
numpy.vstack,7,dask.array
numpy.diff,7,dask.array
numpy.int64.ndim,7,dask.array
numpy.ravel,7,xarray
numpy.ceil,7,dask.array
numpy.atleast_1d,7,xarray
numpy.rad2deg,7,dask.array
numpy.logical_and,7,dask.array
numpy.broadcast_to,7,pandas
numpy.copysign,7,dask.array
numpy.ma,7,pandas
numpy.ndarray.min,7,dask.array
numpy.full,7,pandas
numpy.asanyarray,7,pandas
numpy.bitwise_or,7,dask.array
numpy.logical_or,7,pandas
numpy.ndarray.tolist,7,skimage
numpy.arctan2,7,skimage
numpy.ndarray.cumsum,7,pandas
numpy.uint64,7,skimage
numpy.ndarray.var,7,skimage
numpy.typecodes,7,pandas
numpy.isclose,7,matplotlib
numpy.corrcoef,7,pandas
numpy.int64.dtype,7,pandas
numpy.array_equal,7,pandas
numpy.fmin,7,dask.array
numpy.random.randint,7,skimage
numpy.iinfo,7,skimage
numpy.logical_not,7,dask.array
numpy.logical_xor,7,dask.array
numpy.ndarray.item,7,xarray
numpy.ma.masked,6,matplotlib
numpy.cumprod,6,dask.array
numpy.complex128.dtype,6,pandas
numpy.linalg.inv,6,skimage
numpy.atleast_2d,6,skimage
numpy.dtype.names,6,pandas
numpy.cov,6,dask.array
numpy.abs,6,skimage
numpy.digitize,6,dask.array
numpy.bincount,6,dask.array
numpy.arccosh,6,dask.array
numpy.ma.core.masked_equal,6,matplotlib
numpy.arcsinh,6,dask.array
numpy.arctanh,6,dask.array
numpy.argmin,6,matplotlib
numpy.log10,6,pandas
numpy.ma.core.MaskedArray.reshape,6,dask.array
numpy.ma.core.filled,6,dask.array
numpy.cbrt,6,dask.array
numpy.exp2,6,dask.array
numpy.logical_not,6,pandas
numpy.reciprocal,6,dask.array
numpy.power,6,skimage
numpy.spacing,6,dask.array
numpy.ndarray.flags,6,skimage
numpy.ndim,6,matplotlib
numpy.ndarray.squeeze,6,matplotlib
numpy.where,6,matplotlib
numpy.sign,6,matplotlib
numpy.transpose,6,matplotlib
numpy.ones_like,6,matplotlib
numpy.ma.core.getmask,6,matplotlib
numpy.ma.core.MaskedArray.ravel,6,matplotlib
numpy.bincount,6,skimage
numpy.r_,6,matplotlib
numpy.isinf,6,matplotlib
numpy.linalg.norm,6,dask.array
numpy.int16.dtype,6,pandas
numpy.linalg.svd,6,skimage
numpy.maximum,6,pandas
numpy.ndarray.transpose,6,xarray
numpy.argmax,6,xarray
numpy.broadcast_arrays,6,dask.array
numpy.cumprod,6,pandas
numpy.ndarray.dot,6,dask.array
numpy.cos,6,pandas
numpy.ones_like,6,pandas
numpy.fabs,6,dask.array
numpy.minimum,6,pandas
numpy.float64.ndim,6,dask.array
numpy.modf,6,dask.array
numpy.add,6,xarray
numpy.atleast_3d,6,skimage
numpy.ndarray.strides,6,skimage
numpy.issubdtype,6,dask.array
numpy.where,6,xarray
numpy.finfo,6,pandas
numpy.timedelta64.dtype,6,pandas
numpy.isinf,6,dask.array
numpy.vectorize,6,pandas
numpy.ma.masked_all,6,pandas
numpy.real,6,dask.array
numpy.frexp,6,dask.array
numpy.percentile,5,xarray
numpy.uint16.dtype,5,pandas
numpy.float32.shape,5,dask.array
numpy.ma.array,5,skimage
numpy.exp2,5,pandas
numpy.bool_.shape,5,dask.array
numpy.ma.core.array,5,skimage
numpy.ix_,5,matplotlib
numpy.linalg.qr,5,dask.array
numpy.isscalar,5,matplotlib
numpy.int32,5,xarray
numpy.generic.astype,5,xarray
numpy.fft.irfft2,5,dask.array
numpy.nanmedian,5,dask.array
numpy.arcsin,5,pandas
numpy.complex128.shape,5,dask.array
numpy.searchsorted,5,pandas
numpy.arctan,5,pandas
numpy.random.mtrand.RandomState.uniform,5,dask.array
numpy.fft.ifft2,5,dask.array
numpy.random.mtrand.RandomState.choice,5,xarray
numpy.testing._private.utils.assert_equal,5,xarray
numpy.float,5,pandas
numpy.compress,5,pandas
numpy.rec,5,pandas
numpy.ma.nomask,5,matplotlib
numpy.percentile,5,skimage
numpy.floor,5,pandas
numpy.random.mtrand.RandomState.standard_normal,5,skimage
numpy.minimum,5,skimage
numpy.ndarray.fill,5,skimage
numpy.tile,5,dask.array
numpy.int16,5,matplotlib
numpy.min,5,matplotlib
numpy.intersect1d,5,pandas
numpy.issubdtype,5,matplotlib
numpy.ma.core.getdata,5,dask.array
numpy.logical_not,5,xarray
numpy.max,5,matplotlib
numpy.triu,5,dask.array
numpy.in1d,5,pandas
numpy.fft.fft,5,matplotlib
numpy.zeros_like,5,dask.array
numpy.linalg.svd,5,dask.array
numpy.angle,5,dask.array
numpy.copyto,5,matplotlib
numpy.matmul,5,dask.array
numpy.corrcoef,5,dask.array
numpy.square,5,skimage
numpy.rot90,5,skimage
numpy.full,5,xarray
numpy.ndindex,5,dask.array
numpy.indices,5,skimage
numpy.tri,5,skimage
numpy.ndarray.mean,5,xarray
numpy.prod,5,skimage
numpy.fft.irfftn,5,dask.array
numpy.cov,5,pandas
numpy.exp,5,dask.array
numpy.max,5,pandas
numpy.linalg,5,matplotlib
numpy.isreal,5,dask.array
numpy.ndarray.argmin,5,pandas
numpy.bool_,5,xarray
numpy.frombuffer,5,pandas
numpy.ufunc.reduce,5,skimage
numpy.int32,5,dask.array
numpy.int64.dtype,5,dask.array
numpy.ndarray.clip,5,dask.array
numpy.uint8,5,dask.array
numpy.complex128.ndim,5,dask.array
numpy.linalg.norm,5,skimage
numpy.float32.dtype,5,pandas
numpy.ndarray.argmax,5,skimage
numpy.empty_like,5,dask.array
numpy.prod,5,xarray
Type[numpy.ndarray].__name__,5,dask.array
numpy.testing._private.utils.assert_equal,5,matplotlib
numpy.log2,5,skimage
numpy.iinfo.max,5,skimage
numpy.count_nonzero,5,dask.array
numpy.logical_xor,5,pandas
numpy.ndarray.min,5,xarray
numpy.imag,5,dask.array
numpy.ndarray.max,5,xarray
numpy.dstack,5,dask.array
numpy.cosh,5,pandas
numpy.arcsinh,5,pandas
numpy.expand_dims,5,xarray
numpy.uint64.dtype,5,pandas
numpy.min_scalar_type,5,pandas
numpy.random.mtrand.RandomState,5,xarray
numpy.fft.ifftn,5,dask.array
numpy.rad2deg,5,pandas
numpy.int64.shape,5,dask.array
numpy.iscomplex,5,dask.array
numpy.moveaxis,5,skimage
numpy.arctanh,5,pandas
numpy.ndarray.argsort,4,matplotlib
numpy.sinh,4,dask.array
numpy.maximum,4,matplotlib
numpy.ndarray.argmin,4,matplotlib
numpy.cos,4,dask.array
numpy.tan,4,dask.array
numpy.ma.core.getmaskarray,4,matplotlib
numpy.dtype.type,4,dask.array
numpy.inf,4,dask.array
numpy.timedelta64.astype,4,pandas
numpy.generic.all,4,pandas
numpy.ma.core.MaskedArray.compressed,4,matplotlib
numpy.fliplr,4,skimage
numpy.deg2rad,4,dask.array
numpy.ndarray.std,4,pandas
numpy.conjugate,4,matplotlib
numpy.expm1,4,dask.array
numpy.ndarray.conj,4,skimage
numpy.putmask,4,matplotlib
numpy.ndarray.flags,4,xarray
numpy.dstack,4,matplotlib
numpy.linalg.norm,4,matplotlib
numpy.float32.ndim,4,dask.array
numpy.ones_like,4,dask.array
numpy.complexfloating,4,pandas
numpy.dtype.shape,4,dask.array
numpy.full,4,dask.array
numpy.ma.core.MaskedArray.all,4,matplotlib
numpy.negative,4,dask.array
numpy.ma.core.MaskedArray.mask,4,skimage
numpy.ndarray.copy,4,xarray
numpy.errstate,4,xarray
numpy.result_type,4,dask.array
numpy.int16,4,dask.array
numpy.zeros_like,4,xarray
numpy.ndarray.flat,4,dask.array
numpy.atleast_1d,4,skimage
numpy.dtype.kind,4,dask.array
numpy.testing.assert_allclose,4,skimage
numpy.searchsorted,4,dask.array
numpy.ndarray.flat,4,xarray
numpy.isin,4,dask.array
numpy.fft,4,matplotlib
numpy.log10,4,dask.array
numpy.NaN,4,xarray
numpy.ma.core.ravel,4,matplotlib
numpy.broadcast.shape,4,xarray
numpy.moveaxis,4,xarray
numpy.broadcast,4,xarray
numpy.ma.core.getmaskarray,4,dask.array
numpy.swapaxes,4,dask.array
numpy.ndarray.strides,4,matplotlib
numpy.ndarray.real,4,matplotlib
numpy.outer,4,dask.array
numpy.testing._private.utils.assert_array_equal,4,dask.array
numpy.angle,4,matplotlib
numpy.fabs,4,pandas
numpy.int32.shape,4,dask.array
numpy.testing.assert_allclose,4,matplotlib
numpy.int8,4,matplotlib
numpy.nanmean,4,dask.array
numpy.atleast_1d,4,dask.array
numpy.ceil,4,xarray
numpy.nanmean,4,xarray
numpy.int32.dtype,4,pandas
numpy.full_like,4,matplotlib
numpy.bool_.dtype,4,pandas
numpy.roll,4,matplotlib
numpy.str_.dtype,4,pandas
numpy.flatnonzero,4,skimage
numpy.gradient,4,xarray
numpy.radians,4,dask.array
numpy.integer,4,matplotlib
numpy.nanvar,4,xarray
numpy.ufunc,4,pandas
numpy.random.mtrand.RandomState.beta,4,pandas
numpy.promote_types,4,matplotlib
numpy.ndarray.searchsorted,4,matplotlib
numpy.diag,4,skimage
numpy.append,4,matplotlib
numpy.float16,4,pandas
numpy.ndarray.swapaxes,4,pandas
numpy.core.records.fromarrays,4,pandas
numpy.roll,4,pandas
numpy.broadcast_arrays,4,matplotlib
numpy.isfinite,4,skimage
numpy.histogram,4,skimage
numpy.expand_dims,4,pandas
numpy.median,4,skimage
numpy.round_,4,dask.array
numpy.eye,4,pandas
numpy.nonzero,4,matplotlib
numpy.linalg.det,4,skimage
numpy.inf,4,xarray
numpy.apply_along_axis,4,skimage
numpy.float_,4,skimage
numpy.complex_,4,pandas
Type[numpy.datetime64].__name__,4,pandas
numpy.interp,4,skimage
numpy.float16,4,skimage
numpy.frombuffer,4,matplotlib
numpy.full_like,4,dask.array
numpy.nanmin,4,xarray
numpy.ndarray.transpose,4,skimage
numpy.bitwise_or,4,pandas
numpy.signbit,4,dask.array
numpy.nanprod,4,pandas
numpy.size,4,pandas
numpy.ndarray.shape =,4,skimage
numpy.ravel,4,skimage
numpy.nanpercentile,4,xarray
numpy.nanmax,4,xarray
numpy.dtype.char,4,skimage
numpy.random.randn,4,xarray
numpy.add,4,skimage
numpy.log10,4,skimage
numpy.ndarray.copy,4,dask.array
numpy.matrix.ndim,4,dask.array
numpy.percentile,4,matplotlib
numpy.array_equal,4,skimage
numpy.tan,4,matplotlib
numpy.find_common_type,4,pandas
numpy.log2,4,pandas
numpy.sort,4,matplotlib
numpy.min_scalar_type,4,skimage
numpy.core.records.array,4,pandas
numpy.random.normal,4,skimage
numpy.shape,4,pandas
numpy.flagsobj.writeable,4,pandas
numpy.ndarray.cumsum,4,dask.array
numpy.flatnonzero,4,pandas
numpy.random.mtrand.RandomState.shuffle,3,pandas
numpy.clip,3,dask.array
numpy.arccos,3,dask.array
numpy.matrix.shape,3,dask.array
numpy.integer,3,dask.array
Type[numpy.float64].__name__,3,pandas
numpy.flip,3,dask.array
builtins.function.__module__,3,dask.array
numpy.may_share_memory,3,pandas
numpy.matrix.dtype,3,dask.array
numpy.timedelta64,3,dask.array
numpy.piecewise,3,dask.array
numpy.? (vectorized),3,dask.array
numpy.testing._private.utils.assert_array_less,3,matplotlib
numpy.choose,3,dask.array
numpy.arcsin,3,dask.array
numpy.log2,3,dask.array
numpy.trunc,3,dask.array
numpy.rint,3,dask.array
numpy.floor,3,dask.array
Type[numpy.timedelta64].__name__,3,pandas
numpy.load,3,dask.array
numpy.float64.dtype,3,dask.array
numpy.promote_types,3,pandas
numpy.hstack,3,pandas
numpy.ndarray.cumprod,3,dask.array
numpy.bool_.ndim,3,dask.array
numpy.arctan,3,dask.array
numpy.flagsobj.f_contiguous,3,pandas
numpy.generic.astype,3,dask.array
numpy.ndarray.transpose,3,dask.array
numpy.matrix,3,dask.array
numpy.product,3,pandas
numpy.place,3,pandas
numpy.int32.ndim,3,dask.array
numpy.take,3,dask.array
numpy.random.mtrand.RandomState.random_sample,3,pandas
numpy.repeat,3,dask.array
numpy.ma.core.fix_invalid,3,dask.array
numpy.ma.core.masked_values,3,dask.array
numpy.pad,3,dask.array
numpy.pi,3,pandas
numpy.ma.core.getmaskarray,3,pandas
numpy.random.random,3,pandas
numpy.vectorize,3,dask.array
numpy.round,3,pandas
numpy.linalg.lstsq,3,dask.array
numpy.isclose,3,dask.array
numpy.setdiff1d,3,pandas
numpy.reshape,3,pandas
numpy.isfinite,3,dask.array
numpy.log1p,3,pandas
numpy.squeeze,3,pandas
numpy.tan,3,pandas
numpy.arccos,3,pandas
numpy.divmod,3,pandas
numpy.sinh,3,pandas
numpy.tanh,3,pandas
numpy.arccosh,3,pandas
numpy.deg2rad,3,pandas
numpy.finfo.max,3,pandas
numpy.unravel_index,3,dask.array
numpy.abs,3,pandas
numpy.ndarray.std,3,dask.array
numpy.min,3,dask.array
numpy.ndarray.put,3,pandas
numpy.ufunc.__name__,3,dask.array
numpy.inv,3,dask.array
numpy.nanmedian,3,pandas
numpy.random.randn,3,pandas
numpy.moveaxis,3,dask.array
numpy.core,3,dask.array
numpy.core.numeric,3,dask.array
numpy.ndarray.swapaxes,3,dask.array
numpy.random.normal,3,dask.array
numpy.complex64,3,pandas
numpy.ndarray.sort,3,pandas
numpy.atleast_3d,3,dask.array
numpy.random.mtrand.RandomState.normal,3,pandas
numpy.int8.dtype,3,pandas
numpy.uint8.dtype,3,pandas
numpy.ma.testutils.assert_array_almost_equal,3,matplotlib
numpy.roll,3,dask.array
numpy.uint32.dtype,3,pandas
numpy.random.mtrand.RandomState.shuffle,3,dask.array
numpy.max,3,dask.array
numpy.fromiter,3,pandas
builtins.function.__name__,3,pandas
numpy.expm1,3,pandas
numpy.ndarray.newbyteorder,3,matplotlib
numpy.ma.masked,3,skimage
numpy.generic.astype,3,skimage
numpy.float,3,xarray
numpy.linalg.eig,3,skimage
numpy.cross,3,skimage
numpy.insert,3,skimage
numpy.lib.stride_tricks.as_strided,3,skimage
numpy.ndarray.sort,3,matplotlib
numpy.get_printoptions,3,xarray
numpy.float64.dtype,3,xarray
numpy.ma.core.power,3,matplotlib
numpy.unwrap,3,matplotlib
numpy.subtract,3,skimage
numpy.isclose,3,skimage
numpy.ndarray.argsort,3,skimage
builtins.str.rfind,3,xarray
numpy.min,3,skimage
numpy.ndarray.itemsize,3,skimage
numpy.core._multiarray_umath.normalize_axis_index,3,xarray
numpy.dstack,3,skimage
numpy.meshgrid,3,xarray
numpy.logspace,3,matplotlib
numpy.ogrid,3,matplotlib
numpy.ndindex,3,skimage
numpy.ma.masked_array,3,matplotlib
numpy.ndarray.item,3,matplotlib
numpy.apply_along_axis,3,matplotlib
numpy.ravel_multi_index,3,skimage
numpy.generic.item,3,matplotlib
builtins.bytes.find,3,xarray
numpy.atleast_2d,3,matplotlib
numpy.ma.MaskedArray,3,xarray
builtins.bytes.rfind,3,xarray
numpy.number,3,xarray
numpy.fft.fftshift,3,skimage
numpy.logical_or,3,matplotlib
numpy.complexfloating,3,xarray
numpy.minimum,3,matplotlib
numpy.ndarray.cumsum,3,matplotlib
numpy.r_,3,xarray
numpy.nonzero,3,xarray
numpy.nextafter,3,matplotlib
numpy.angle,3,skimage
numpy.testing._private.utils.assert_array_almost_equal_nulp,3,skimage
numpy.ma.masked_less_equal,3,matplotlib
numpy.dtype.metadata,3,xarray
numpy.cumsum,3,xarray
numpy.reshape,3,xarray
numpy.hanning,3,matplotlib
numpy.fmax,3,skimage
numpy.NaN,3,matplotlib
numpy.full_like,3,xarray
numpy.random.seed,3,skimage
builtins.str.find,3,xarray
numpy.minimum,3,xarray
numpy.nansum,3,xarray
numpy.tensordot,3,xarray
numpy.trapz,3,xarray
numpy.take,3,xarray
numpy.datetime64.dtype,3,xarray
numpy.ma.core.MaskedArray.mask,3,xarray
numpy.uint16,3,matplotlib
numpy.iinfo.min,3,skimage
numpy.ndarray.flatten,3,xarray
numpy.frexp,3,xarray
numpy.tile,3,xarray
numpy.ndarray.nonzero,3,skimage
numpy.flagsobj.writeable =,3,skimage
numpy.rad2deg,3,skimage
numpy.swapaxes,3,skimage
numpy.std,3,xarray
numpy.bytes_.dtype,2,pandas
numpy.ulonglong.dtype,2,pandas
numpy.complex64.dtype,2,pandas
numpy.set_printoptions,2,xarray
numpy.greater,2,pandas
numpy.dtype.hasobject,2,dask.array
numpy.sign,2,xarray
numpy.bool_.item,2,pandas
numpy.nanmedian,2,xarray
numpy.angle,2,xarray
numpy.isclose,2,pandas
numpy.int,2,pandas
numpy.random.uniform,2,pandas
numpy.isclose,2,xarray
numpy.flagsobj.writeable,2,xarray
numpy.ulonglong,2,pandas
numpy.bool,2,xarray
numpy.isfinite,2,xarray
numpy.dtype.isnative,2,xarray
numpy.unicode_,2,pandas
numpy.sqrt,2,xarray
numpy.random.mtrand.RandomState.normal,2,dask.array
numpy.isscalar,2,xarray
numpy.ndarray.take,2,xarray
numpy.ndarray.view,2,xarray
numpy.bytes_,2,pandas
numpy.ufunc.signature,2,dask.array
numpy.generic.any,2,xarray
numpy.ma.core.masked_invalid,2,xarray
numpy.linalg._umath_linalg,2,dask.array
numpy.exp,2,xarray
numpy.string_,2,xarray
numpy.ufunc.nin,2,xarray
numpy.ndarray.nonzero,2,xarray
numpy.swapaxes,2,xarray
numpy.interp,2,pandas
numpy.nanstd,2,xarray
numpy.loadtxt,2,pandas
numpy.ma.core.MaskedArray.mask,2,pandas
numpy.finfo.eps,2,pandas
numpy.generic,2,xarray
numpy.ndarray.tobytes,2,pandas
numpy.generic.item,2,xarray
numpy.int,2,xarray
numpy.lib.stride_tricks.as_strided,2,pandas
numpy.array_split,2,pandas
numpy.lib,2,pandas
numpy.lib.stride_tricks,2,pandas
numpy.ndarray.flatten,2,pandas
numpy.quantile,2,xarray
numpy.nanquantile,2,xarray
numpy.flatnonzero,2,xarray
numpy.datetime64.view,2,pandas
numpy.ma.core.MaskedArray.ndim,2,pandas
numpy.positive,2,pandas
numpy.ma.core.MaskedArray.soften_mask,2,pandas
numpy.ma.core.MaskedArray.harden_mask,2,pandas
numpy.ndarray.clip,2,xarray
numpy.result_type,2,xarray
numpy.core,2,pandas
numpy.int16,2,xarray
numpy.random.random,2,xarray
numpy.ma.core.MaskedArray,2,xarray
numpy.broadcast_to,2,xarray
numpy.array_equal,2,xarray
numpy.any,2,xarray
numpy.random.normal,2,pandas
numpy.intp,2,xarray
numpy.bool_.all,2,xarray
numpy.datetime64.astype,2,pandas
numpy.ma.core.MaskedArray,2,pandas
numpy.cumprod,2,xarray
numpy.vectorize,2,xarray
numpy.hstack,2,dask.array
numpy.ma.core.masked_outside,2,dask.array
numpy.ma.core.masked_inside,2,dask.array
numpy.ma.core.masked_not_equal,2,dask.array
numpy.ma.core.masked_less_equal,2,dask.array
numpy.ma.core.masked_greater_equal,2,dask.array
numpy.ma.core.masked_equal,2,dask.array
numpy.ma.core.masked_where,2,dask.array
numpy.ma.core.MaskedArray.fill_value,2,dask.array
numpy.ma.core.MaskedArray.mask,2,dask.array
numpy.uint8.ndim,2,dask.array
numpy.g,2,dask.array
builtins.function.__doc__,2,dask.array
numpy.seterr,2,skimage
numpy.ndarray.ptp,2,skimage
numpy.cbrt,2,skimage
numpy.can_cast,2,skimage
numpy.dtype.name,2,skimage
numpy.ndarray.repeat,2,dask.array
numpy.fromfunction,2,dask.array
numpy.meshgrid,2,dask.array
numpy.indices,2,dask.array
numpy.ndarray.cumsum,2,skimage
numpy.linalg.eigvals,2,dask.array
numpy.ma.core.set_fill_value,2,dask.array
numpy.ma.array,2,dask.array
numpy.random.mtrand.RandomState.multinomial,2,dask.array
numpy.generic.reshape,2,dask.array
numpy.frompyfunc,2,dask.array
numpy.sinc,2,dask.array
numpy.ufunc,2,dask.array
numpy.xlogy,2,dask.array
numpy.seterr,2,dask.array
numpy.iscomplexobj,2,dask.array
numpy.average,2,dask.array
numpy.False_,2,dask.array
numpy.argwhere,2,dask.array
numpy.ndarray.choose,2,dask.array
numpy.union1d,2,dask.array
numpy.random.choice,2,dask.array
numpy.iterable,2,dask.array
numpy.gradient,2,dask.array
numpy.apply_along_axis,2,dask.array
Type[numpy.float64].__module__,2,dask.array
numpy.rollaxis,2,dask.array
numpy.core.numeric.normalize_axis_tuple,2,dask.array
numpy.atleast_2d,2,dask.array
numpy.take_along_axis,2,dask.array
numpy.ndarray.argmin,2,dask.array
numpy.expand_dims,2,dask.array
numpy.logical_or,2,skimage
numpy.isinf,2,skimage
numpy.can_cast,2,dask.array
numpy.linalg.eigvalsh,2,skimage
numpy.fix,2,skimage
numpy.fft.fftfreq,2,skimage
numpy.testing._private.utils.assert_warns,2,skimage
numpy.ndarray.clip,2,skimage
numpy.conjugate,2,skimage
numpy.nonzero,2,dask.array
numpy.random.mtrand.RandomState.gamma,2,skimage
numpy.ma.core.MaskedArray.shape,2,skimage
numpy.int8,2,dask.array
numpy.float_,2,dask.array
numpy.object_,2,dask.array
numpy.ma.core.MaskedArray.fill_value,2,skimage
numpy.ufunc.at,2,pandas
numpy.tanh,2,skimage
numpy.ndim,2,skimage
numpy.searchsorted,2,skimage
numpy.dtype.fields,2,dask.array
numpy.ndarray.repeat,2,skimage
numpy.complex128,2,skimage
numpy.complex64,2,skimage
numpy.may_share_memory,2,skimage
numpy.random.choice,2,skimage
numpy.random.mtrand.RandomState.poisson,2,skimage
numpy.in1d,2,skimage
numpy.flagsobj.c_contiguous,2,skimage
numpy.finfo.resolution,2,skimage
numpy.save,2,dask.array
numpy.matrix.all,2,dask.array
numpy.promote_types,2,dask.array
numpy.linalg.solve,2,skimage
numpy.AxisError,2,dask.array
numpy.linalg.LinAlgError,2,skimage
numpy.ndarray.swapaxes,2,skimage
numpy.true_divide,2,skimage
numpy.signedinteger,2,skimage
numpy.testing.assert_almost_equal,2,skimage
numpy.ascontiguousarray,2,dask.array
numpy.flatnonzero,2,dask.array
numpy.ptp,2,skimage
numpy.sign,2,skimage
numpy.nan_to_num,2,dask.array
Type[numpy.matrix].__module__,2,dask.array
numpy.void.ndim,2,dask.array
numpy.bool_,2,dask.array
numpy.std,2,skimage
numpy.uint32.ndim,2,dask.array
numpy.complex64.ndim,2,dask.array
numpy.datetime64,2,dask.array
numpy.arctan,2,skimage
Type[numpy.int64].__name__,2,pandas
numpy.divmod,2,dask.array
numpy.random.randint,2,matplotlib
numpy.cov,2,matplotlib
numpy.imag,2,pandas
numpy.ufunc.reduce,2,matplotlib
numpy.ndarray.argmax,2,matplotlib
numpy.reshape,2,matplotlib
numpy.median,2,xarray
numpy.ones_like,2,xarray
builtins.str.lower,2,matplotlib
numpy.ndarray.std,2,xarray
numpy.float128,2,pandas
numpy.median,2,matplotlib
numpy.ma.getmask,2,matplotlib
numpy.random.RandomState,2,pandas
numpy.can_cast,2,pandas
numpy.complex,2,pandas
Type[numpy.ndarray].__array_ufunc__,2,pandas
numpy.testing.assert_array_almost_equal,2,matplotlib
numpy.linalg.LinAlgError,2,matplotlib
numpy.ndarray.flags,2,matplotlib
numpy.ma.MaskedArray,2,pandas
numpy.ufunc.at,2,matplotlib
numpy.add,2,matplotlib
numpy.ndarray.imag,2,matplotlib
numpy.ma.core.masked_less_equal,2,matplotlib
numpy.ma.core.MaskedArray.T,2,matplotlib
numpy.random.uniform,2,matplotlib
numpy.ndarray.ptp,2,matplotlib
numpy.ma.core,2,matplotlib
numpy.ndarray.repeat,2,matplotlib
numpy.longdouble,2,matplotlib
numpy.complex128.real,2,matplotlib
numpy.random.choice,2,xarray
numpy.ndarray.byteswap,2,matplotlib
numpy.signedinteger,2,pandas
numpy.ndarray.prod,2,pandas
numpy.ndarray.base,2,matplotlib
numpy.convolve,2,matplotlib
numpy.lib.stride_tricks.DummyArray.base,2,matplotlib
numpy.ma.core.getdata,2,matplotlib
numpy.dtype.isnative,2,matplotlib
numpy.multiply,2,pandas
numpy.searchsorted,2,matplotlib
numpy.cumproduct,2,pandas
numpy.ndarray.transpose,2,pandas
numpy.array_equal,2,matplotlib
numpy.linalg.inv,2,matplotlib
numpy.atleast_3d,2,matplotlib
numpy.ndarray.transpose,2,matplotlib
numpy.copy,2,matplotlib
numpy.float,2,matplotlib
numpy.c_,2,pandas
numpy.flagsobj.writeable =,2,matplotlib
numpy.bool_.ndim,2,pandas
numpy.can_cast,2,matplotlib
numpy.split,2,pandas
numpy.histogram,2,matplotlib
numpy.ceil,2,pandas
numpy.int64.ndim,2,pandas
numpy.random.PCG64,2,pandas
numpy.random._pcg64.PCG64,2,pandas
numpy.random.MT19937,2,pandas
numpy.identity,2,matplotlib
numpy.random._mt19937.MT19937,2,pandas
numpy.ma.asarray,2,matplotlib
numpy.unsignedinteger,2,pandas
numpy.prod,2,matplotlib
numpy.nanmean,2,pandas
numpy.random.mtrand.RandomState.randint,2,matplotlib
numpy.isreal,2,matplotlib
numpy.int64,2,matplotlib
numpy.ComplexWarning,2,pandas
numpy.arcsin,2,matplotlib
numpy.isfortran,2,matplotlib
numpy.iterable,2,pandas
numpy.lib.stride_tricks,2,matplotlib
numpy.lib,2,matplotlib
numpy.lib.stride_tricks.as_strided,2,matplotlib
numpy.around,2,pandas
numpy.insert,2,matplotlib
numpy.polynomial.hermite.__warningregistry__,1,skimage
numpy.ma.core.masked_less,1,dask.array
numpy.bitwise_xor,1,pandas
numpy.ma.core.MaskedArray.__class__,1,dask.array
numpy.polynomial.laguerre.__warningregistry__,1,skimage
numpy.ma.core.masked_greater,1,matplotlib
Type[numpy.datetime64].__mro__,1,matplotlib
numpy.random.mtrand.RandomState.random_sample,1,matplotlib
numpy.divide,1,skimage
numpy.random._common.__warningregistry__,1,skimage
numpy.less,1,skimage
numpy.datetime64.tzinfo,1,matplotlib
numpy.floating,1,dask.array
numpy.ma.core.MaskedArray.astype,1,dask.array
numpy.ndarray.ctypes,1,matplotlib
numpy.ma.core.MaskedArray.data,1,dask.array
numpy.random._bounded_integers.__warningregistry__,1,skimage
builtins.float.is_integer,1,dask.array
numpy.random.mtrand.__warningregistry__,1,skimage
numpy.core._internal._ctypes.data,1,matplotlib
numpy.random._pcg64.__warningregistry__,1,skimage
numpy.linalg.matrix_rank,1,dask.array
numpy.finfo,1,dask.array
numpy.ndarray.__name__,1,dask.array
numpy.finfo.eps,1,dask.array
numpy.double,1,dask.array
numpy.spacing,1,skimage
numpy.fft.ifftshift,1,skimage
numpy.ma.core.concatenate,1,dask.array
numpy.complex128,1,dask.array
numpy.fft.__warningregistry__,1,skimage
numpy.memmap,1,dask.array
numpy.ma.core.dot,1,dask.array
numpy.ma.core.MaskedArray.__array_priority__,1,dask.array
numpy.ma.mask_or,1,matplotlib
numpy.fft._pocketfft.__warningregistry__,1,skimage
numpy.complex,1,skimage
numpy.ma.core.MaskedArray.fill_value =,1,dask.array
numpy.memmap._mmap,1,dask.array
Type[numpy.memmap].__module__,1,dask.array
numpy.memmap.shape,1,dask.array
numpy.ndarray.tobytes,1,matplotlib
numpy.ndarray.__getitem__,1,pandas
numpy.ma.concatenate,1,dask.array
Type[numpy.ma.core.MaskedArray].__module__,1,dask.array
numpy.polynomial._polybase.__warningregistry__,1,skimage
numpy.polynomial.chebyshev.__warningregistry__,1,skimage
numpy.ma.filled,1,dask.array
numpy.asfortranarray,1,dask.array
Type[numpy.timedelta64].__module__,1,dask.array
numpy.ma.masked_equal,1,dask.array
numpy.void,1,pandas
numpy.timedelta64.shape,1,dask.array
numpy.random._generator.__warningregistry__,1,skimage
numpy.ma.masked_where,1,dask.array
numpy.ma.core.arctan2,1,matplotlib
numpy.timedelta64.ndim,1,dask.array
numpy.ndarray.sort,1,dask.array
numpy.take_along_axis,1,skimage
numpy.random.__warningregistry__,1,skimage
numpy.random.mtrand.RandomState.uniform,1,matplotlib
numpy.moveaxis,1,matplotlib
numpy.ndarray.dot,1,matplotlib
numpy.float64.shape,1,skimage
numpy.ndarray.flat =,1,skimage
numpy.square,1,matplotlib
numpy.loadtxt,1,skimage
numpy.round,1,dask.array
numpy.gradient,1,matplotlib
numpy.generic.ravel,1,matplotlib
numpy.logspace,1,skimage
numpy.dot,1,skimage
numpy.min_scalar_type,1,dask.array
numpy.linalg.det,1,dask.array
numpy.arcsin,1,skimage
numpy.ndarray.round,1,dask.array
numpy.take,1,matplotlib
numpy.ndarray.view,1,matplotlib
numpy.ma.extras.masked_all,1,matplotlib
numpy.ellipeinc,1,skimage
numpy.ellipkinc,1,skimage
numpy.round,1,skimage
numpy.shape,1,skimage
numpy.lib.mixins,1,dask.array
numpy.finfo.resolution,1,matplotlib
numpy.ndarray.__array_function__,1,dask.array
numpy.lib,1,dask.array
numpy.promote_types,1,skimage
numpy.Inf,1,matplotlib
numpy.polyfit,1,skimage
numpy.float,1,dask.array
numpy.tensordot,1,matplotlib
numpy.rint,1,skimage
numpy.lib.mixins.NDArrayOperatorsMixin,1,dask.array
numpy.vectorize.pyfunc,1,dask.array
numpy.ma.core.__warningregistry__,1,skimage
numpy.ma.__warningregistry__,1,skimage
Type[numpy.str_].__mro__,1,matplotlib
Type[numpy.bytes_].__mro__,1,matplotlib
numpy.testing._private.__warningregistry__,1,skimage
numpy.random.mtrand.RandomState.standard_normal,1,dask.array
numpy.ma.core.concatenate,1,matplotlib
numpy.__version__,1,dask.array
numpy.ndarray.flatten,1,dask.array
builtins.bytes.decode,1,matplotlib
numpy.bytes_.decode,1,matplotlib
numpy.testing._private.decorators.__warningregistry__,1,skimage
numpy.testing._private.utils.assert_approx_equal,1,matplotlib
numpy.testing.__warningregistry__,1,skimage
Type[numpy.vectorize].__module__,1,dask.array
numpy.ndenumerate,1,matplotlib
numpy.ndarray.strides =,1,skimage
numpy.ndarray.data,1,matplotlib
numpy.fliplr,1,matplotlib
numpy.obj2sctype,1,skimage
numpy.fft.ifftshift,1,dask.array
numpy.fft.fftshift,1,dask.array
numpy.delete,1,skimage
numpy.fft.rfftfreq,1,dask.array
numpy.fft.fftfreq,1,dask.array
numpy.argsort,1,matplotlib
numpy.ma.core.mask_or,1,matplotlib
numpy.fft.__name__,1,dask.array
numpy.float64.ndim,1,matplotlib
numpy.choose,1,skimage
numpy.vectorize,1,matplotlib
numpy.lib.financial.__warningregistry__,1,skimage
numpy.ma.masked_inside,1,dask.array
numpy.fft._pocketfft_internal.__warningregistry__,1,skimage
numpy.compress,1,dask.array
numpy.polynomial.__warningregistry__,1,skimage
numpy.generic.all,1,dask.array
numpy.bool_.all,1,dask.array
numpy.extract,1,dask.array
numpy.polynomial.hermite_e.__warningregistry__,1,skimage
numpy.float64.shape,1,matplotlib
numpy.polynomial.legendre.__warningregistry__,1,skimage
numpy.abs,1,matplotlib
numpy.True_,1,dask.array
numpy.eye,1,matplotlib
numpy.ndarray.nonzero,1,dask.array
numpy.polynomial.polynomial.__warningregistry__,1,skimage
numpy.einsum_path,1,dask.array
numpy.arctan,1,matplotlib
numpy.polynomial.polyutils.__warningregistry__,1,skimage
numpy.fft.helper.__warningregistry__,1,skimage
numpy.complexfloating,1,dask.array
numpy.random.seed,1,dask.array
numpy.random._bit_generator.__warningregistry__,1,skimage
numpy.ndarray.squeeze,1,dask.array
numpy.squeeze,1,dask.array
numpy.ctypeslib.__warningregistry__,1,skimage
builtins.ndarray.__setitem__,1,matplotlib
numpy.vdot,1,dask.array
numpy.__warningregistry__,1,skimage
numpy.ma.extras.__warningregistry__,1,skimage
numpy.apply_over_axes,1,dask.array
numpy.ptp,1,dask.array
numpy.ediff1d,1,dask.array
numpy.bool8,1,dask.array
numpy.random._pickle.__warningregistry__,1,skimage
numpy.ravel,1,dask.array
numpy.blackman,1,matplotlib
numpy.random._sfc64.__warningregistry__,1,skimage
numpy.random._philox.__warningregistry__,1,skimage
numpy.random._mt19937.__warningregistry__,1,skimage
numpy.in1d,1,dask.array
numpy.shape,1,dask.array
numpy.ma.core.sqrt,1,matplotlib
numpy.ma.extras.hstack,1,matplotlib
numpy.lexsort,1,matplotlib
numpy.lib._version.__warningregistry__,1,skimage
numpy.ndarray.__getitem__,1,matplotlib
numpy.in1d,1,matplotlib
numpy.core.arrayprint.__warningregistry__,1,skimage
numpy.core.shape_base.__warningregistry__,1,skimage
numpy.core._methods.__warningregistry__,1,skimage
numpy.core._asarray.__warningregistry__,1,skimage
numpy.core._type_aliases.__warningregistry__,1,skimage
numpy.core._string_helpers.__warningregistry__,1,skimage
numpy.core.multiarray.__warningregistry__,1,skimage
numpy.compat.__warningregistry__,1,skimage
numpy.compat._inspect.__warningregistry__,1,skimage
numpy._distributor_init.__warningregistry__,1,skimage
numpy.ndarray.real,1,dask.array
numpy.ndarray.imag,1,dask.array
numpy.ndarray.conj,1,dask.array
numpy.__config__.__warningregistry__,1,skimage
numpy.isposinf,1,dask.array
numpy.i0,1,dask.array
numpy.logical_not,1,matplotlib
numpy.float64.ndim,1,skimage
numpy.ufunc.reduce,1,dask.array
numpy.core.defchararray.__warningregistry__,1,skimage
numpy.core.memmap.__warningregistry__,1,skimage
numpy.core.machar.__warningregistry__,1,skimage
numpy.lib.stride_tricks.__warningregistry__,1,skimage
numpy.ufunc.__doc__,1,dask.array
numpy.lib.arrayterator.__warningregistry__,1,skimage
numpy.around,1,matplotlib
numpy.lib.npyio.__warningregistry__,1,skimage
numpy.lib._datasource.__warningregistry__,1,skimage
numpy.lib.arraysetops.__warningregistry__,1,skimage
numpy.lib.polynomial.__warningregistry__,1,skimage
numpy.lib.nanfunctions.__warningregistry__,1,skimage
numpy.lib.histograms.__warningregistry__,1,skimage
numpy.core.einsumfunc.__warningregistry__,1,skimage
numpy.matrixlib.defmatrix.__warningregistry__,1,skimage
numpy.linalg.linalg.__warningregistry__,1,skimage
numpy.linalg.lapack_lite.__warningregistry__,1,skimage
numpy.lib.scimath.__warningregistry__,1,skimage
numpy.lib.ufunclike.__warningregistry__,1,skimage
numpy.core.__warningregistry__,1,skimage
numpy.core._internal.__warningregistry__,1,skimage
numpy.core._add_newdocs.__warningregistry__,1,skimage
numpy.fliplr,1,dask.array
numpy.core._multiarray_umath.normalize_axis_index,1,dask.array
numpy.ma.masked_outside,1,dask.array
numpy.random.mtrand.RandomState.laplace,1,dask.array
numpy.ma.core.MaskError,1,dask.array
numpy.ma.core,1,dask.array
numpy.ma.core._check_fill_value,1,dask.array
numpy.recarray.dtype,1,matplotlib
numpy.ma.set_fill_value,1,dask.array
numpy.rec,1,matplotlib
numpy.ma.extras.average,1,dask.array
numpy.matrixlib.__warningregistry__,1,skimage
numpy.ma.getmaskarray,1,dask.array
numpy.linalg.__warningregistry__,1,skimage
numpy.linalg._umath_linalg.__warningregistry__,1,skimage
numpy.lib.twodim_base.__warningregistry__,1,skimage
numpy.dtype.name,1,dask.array
numpy.percentile,1,dask.array
numpy.number,1,dask.array
numpy.interp,1,dask.array
numpy.random.mtrand.RandomState.exponential,1,dask.array
numpy.random.mtrand.RandomState.binomial,1,dask.array
numpy.random.mtrand.RandomState.gamma,1,dask.array
numpy.ma.nomask,1,dask.array
numpy.ma.getdata,1,dask.array
numpy.ma.core.MaskedArray.cumprod,1,dask.array
numpy.ma.core.divide,1,dask.array
numpy.core.records.fromrecords,1,matplotlib
numpy.ma.masked_values,1,dask.array
numpy.lib.__warningregistry__,1,skimage
numpy.ma.core.masked_invalid,1,dask.array
numpy.lib.arraypad.__warningregistry__,1,skimage
numpy.ma.core.reshape,1,matplotlib
numpy.ndarray.prod,1,dask.array
numpy.lib._iotools.__warningregistry__,1,skimage
numpy.lib.format.__warningregistry__,1,skimage
numpy.lib.function_base.__warningregistry__,1,skimage
numpy.lib.utils.__warningregistry__,1,skimage
numpy.ravel_multi_index,1,dask.array
numpy.ma.core.minimum_fill_value,1,dask.array
numpy.ogrid,1,dask.array
numpy.lib.shape_base.__warningregistry__,1,skimage
numpy.ma.core.maximum_fill_value,1,dask.array
numpy.ma.core.MaskedArray.cumsum,1,dask.array
numpy.lib.index_tricks.__warningregistry__,1,skimage
numpy.random.mtrand.RandomState.gumbel,1,dask.array
numpy.random.mtrand.RandomState.lognormal,1,dask.array
numpy.testing._private.utils.__warningregistry__,1,skimage
numpy.random.mtrand.RandomState.negative_binomial,1,dask.array
numpy.core._ufunc_config.__warningregistry__,1,skimage
numpy.core.fromnumeric.__warningregistry__,1,skimage
numpy.core._exceptions.__warningregistry__,1,skimage
numpy.testing._private.utils.assert_array_almost_equal_nulp,1,matplotlib
numpy.core.numerictypes.__warningregistry__,1,skimage
numpy.core._dtype.__warningregistry__,1,skimage
numpy.core.umath.__warningregistry__,1,skimage
numpy.partition,1,dask.array
numpy.argpartition,1,dask.array
numpy.ndarray.trace,1,dask.array
numpy.core.overrides.__warningregistry__,1,skimage
numpy.compat.py3k.__warningregistry__,1,skimage
numpy.core._multiarray_umath.__warningregistry__,1,skimage
numpy.inner,1,matplotlib
numpy.version.__warningregistry__,1,skimage
numpy._globals.__warningregistry__,1,skimage
numpy.dual.__warningregistry__,1,skimage
numpy.testing._private.nosetester.__warningregistry__,1,skimage
numpy.c_,1,matplotlib
numpy.core.numeric.__warningregistry__,1,skimage
numpy.core.records.__warningregistry__,1,skimage
numpy.core.function_base.__warningregistry__,1,skimage
numpy.random.mtrand.RandomState.choice,1,dask.array
numpy.random.mtrand.RandomState.noncentral_f,1,dask.array
numpy.random.mtrand.RandomState.pareto,1,dask.array
numpy.random.mtrand.RandomState.power,1,dask.array
numpy.lib.type_check.__warningregistry__,1,skimage
numpy.random.mtrand.RandomState.wald,1,dask.array
numpy.random.mtrand.RandomState.zipf,1,dask.array
numpy.random.mtrand.RandomState.standard_exponential,1,dask.array
numpy.random.multinomial,1,dask.array
numpy.ndarray.take,1,dask.array
numpy.float64.astype,1,dask.array
numpy.lib.mixins.__warningregistry__,1,skimage
numpy._pytesttester.__warningregistry__,1,skimage
numpy.core._dtype_ctypes.__warningregistry__,1,skimage
builtins.builtin_function_or_method.__doc__,1,dask.array
numpy.core._multiarray_tests.__warningregistry__,1,skimage
numpy.core.getlimits.__warningregistry__,1,skimage
Type[numpy.float32].__module__,1,dask.array
numpy.float32.dtype,1,dask.array
numpy.unsignedinteger,1,skimage
numpy.fabs,1,xarray
numpy.iscomplexobj,1,matplotlib
numpy.iscomplexobj,1,pandas
numpy.s_,1,pandas
numpy.random.mtrand.RandomState.random_sample,1,xarray
numpy.atleast_1d,1,pandas
builtins.str.startswith,1,pandas
numpy.uint64,1,xarray
numpy.dtype.fields,1,pandas
numpy.ndarray.attrs,1,xarray
numpy.recarray,1,pandas
numpy.int64.attrs,1,pandas
numpy.ndarray.real,1,pandas
numpy.roll,1,xarray
numpy.generic.squeeze,1,pandas
numpy.ufunc.reduceat,1,pandas
numpy.outer,1,pandas
numpy.ndarray.base,1,xarray
numpy.float128.dtype,1,pandas
numpy.ndarray._values,1,pandas
numpy.ma.core.masked_where,1,xarray
numpy.ma.core.getmaskarray,1,xarray
numpy.ma.mrecords.mrecarray,1,pandas
numpy.ma.core.MaskedArray.dtype,1,xarray
numpy.ma.masked_array,1,pandas
numpy.tanh,1,xarray
numpy.ma.mrecords.fromarrays,1,pandas
numpy.ma.core.getdata,1,pandas
numpy.ma.core.MaskedArray.filled,1,pandas
numpy.trunc,1,xarray
numpy.dtype.descr,1,pandas
numpy.int_,1,xarray
builtins.float.is_integer,1,pandas
numpy.int32.dtype,1,xarray
numpy.ma.core.MaskedArray.filled,1,xarray
numpy.generic,1,pandas
builtins.str.ljust,1,pandas
numpy.isnat,1,pandas
numpy.subtract,1,xarray
numpy.ix_,1,pandas
numpy.datetime64.ndim,1,pandas
numpy.hstack,1,xarray
numpy.nancumprod,1,xarray
numpy.ndarray.argsort,1,xarray
numpy.complex,1,xarray
numpy.ediff1d,1,pandas
builtins.bytes.rstrip,1,pandas
numpy.ravel,1,pandas
numpy.histogram,1,pandas
numpy.ma.core.array,1,pandas
numpy.ma.core.masked_where,1,pandas
builtins.bytes.decode,1,pandas
numpy.nanargmax,1,xarray
numpy.random.mtrand.RandomState.set_state,1,pandas
numpy.random.mtrand.RandomState.lognormal,1,pandas
numpy.float64.ndim,1,pandas
numpy.frexp,1,pandas
numpy.searchsorted,1,xarray
numpy.ptp,1,pandas
numpy.ma.core.MaskedArray.view,1,pandas
numpy.unravel_index,1,matplotlib
numpy.ufunc.outer,1,pandas
numpy.ufunc.signature,1,xarray
numpy.double,1,pandas
numpy.ufunc.nout,1,xarray
numpy.ndarray.strides,1,xarray
numpy.lexsort,1,xarray
numpy.float32.dtype,1,xarray
numpy.ix_,1,xarray
numpy.lib.stride_tricks,1,xarray
numpy.multiply,1,xarray
numpy.lib.stride_tricks.as_strided,1,xarray
numpy.lib,1,xarray
numpy.timedelta64.ndim,1,pandas
numpy.ndarray.newbyteorder,1,pandas
numpy.ndarray.itemsize,1,pandas
numpy.ndarray.squeeze,1,xarray
numpy.real,1,pandas
numpy.complex128.ndim,1,pandas
numpy.core.multiarray._reconstruct,1,pandas
numpy.ndarray.__setstate__,1,pandas
numpy.ndarray.byteswap,1,pandas
numpy.ma.mrecords.MaskedRecords.fill_value,1,pandas
numpy.ndarray.imag,1,xarray
numpy.ix_,1,skimage
numpy.sign,1,pandas
numpy.fmod,1,xarray
numpy.hypot,1,xarray
numpy.matrix.dtype,1,pandas
numpy.is_busday,1,pandas
numpy.sort,1,xarray
numpy.float16.dtype,1,pandas
numpy.busday_offset,1,pandas
numpy.float32.ndim,1,pandas
numpy.float32.values,1,pandas
numpy.iscomplex,1,xarray
numpy.float64.values,1,pandas
numpy.isinf,1,xarray
numpy.ndarray.values,1,pandas
numpy.ldexp,1,xarray
numpy.log,1,xarray
numpy.log10,1,xarray
numpy.matrix,1,pandas
numpy.arccos,1,xarray
numpy.arccosh,1,xarray
numpy.ma.ones,1,pandas
numpy.fmin,1,xarray
numpy.remainder,1,pandas
numpy.floor_divide,1,pandas
numpy.dtype.base,1,pandas
numpy.expm1,1,xarray
numpy.true_divide,1,pandas
numpy.floor,1,xarray
numpy.fmax,1,xarray
numpy.degrees,1,xarray
numpy.deg2rad,1,xarray
numpy.cosh,1,xarray
numpy.copysign,1,xarray
numpy.conjugate,1,xarray
numpy.arctanh,1,xarray
numpy.arctan2,1,xarray
numpy.arctan,1,xarray
numpy.arcsinh,1,xarray
numpy.arcsin,1,xarray
numpy.log1p,1,xarray
numpy.random.randint,1,xarray
numpy.flagsobj.owndata,1,xarray
numpy.nanprod,1,xarray
numpy.ndarray.round,1,xarray
numpy.radians,1,xarray
numpy.var,1,xarray
numpy.common_type,1,pandas
numpy.random.rand,1,pandas
numpy.argmin,1,xarray
numpy.rint,1,xarray
numpy.e,1,pandas
numpy.nancumsum,1,xarray
numpy.e,1,xarray
builtins.str.split,1,xarray
numpy.signbit,1,xarray
numpy.empty_like,1,xarray
numpy.ma.mrecords.MaskedRecords,1,pandas
numpy.sinh,1,xarray
numpy.square,1,xarray
numpy.tan,1,xarray
numpy.ndarray.real,1,xarray
numpy.isin,1,xarray
numpy.random.uniform,1,xarray
numpy.bool_.index,1,pandas
numpy.log2,1,xarray
numpy.nanargmin,1,xarray
numpy.logaddexp,1,xarray
numpy.ndarray.__array_priority__,1,pandas
numpy.logaddexp2,1,xarray
numpy.datetime_data,1,pandas
numpy.logical_and,1,xarray
numpy.flexible,1,pandas
numpy.fft.rfft,1,pandas
numpy.ndarray.var,1,pandas
numpy.logical_or,1,xarray
numpy.logical_xor,1,xarray
numpy.datetime_data,1,xarray
numpy.nextafter,1,xarray
numpy.rad2deg,1,xarray
numpy.fft.fft,1,pandas
numpy.fix,1,pandas
numpy.resize,1,pandas
numpy.ndarray.strides,1,pandas
numpy.complex128.imag,1,skimage
numpy.random.mtrand.RandomState.permutation,1,skimage
numpy.take,1,skimage
numpy.histogram_bin_edges,1,matplotlib
numpy.logical_xor,1,skimage
numpy.finfo.max,1,skimage
numpy.finfo.min,1,skimage
numpy.histogram2d,1,matplotlib
numpy.flagsobj.f_contiguous,1,skimage
numpy.cumprod,1,skimage
numpy.ma.extras.column_stack,1,matplotlib
numpy.result_type,1,skimage
numpy.set_printoptions,1,skimage
numpy.uint,1,skimage
numpy.ndarray.dot,1,skimage
numpy.flip,1,skimage
numpy.tril,1,skimage
numpy.frombuffer,1,skimage
numpy.lexsort,1,skimage
numpy.generic.conj,1,skimage
numpy.finfo.min,1,pandas
numpy.complex128.real,1,skimage
numpy.ma.core.MaskedArray.mean,1,skimage
numpy.require,1,skimage
numpy.bool_,1,matplotlib
numpy.ndarray.keys,1,dask.array
numpy.float16,1,matplotlib
numpy.ma.core.getmaskarray,1,skimage
numpy.split,1,matplotlib
numpy.ndarray.name,1,matplotlib
numpy.arccos,1,matplotlib
numpy.NAN,1,skimage
numpy.iscomplexobj,1,skimage
numpy.nditer.multi_index,1,skimage
numpy.nditer,1,skimage
numpy.ma.core.min,1,matplotlib
numpy.ma.core.max,1,matplotlib
numpy.tensordot,1,skimage
numpy.ndarray.fill,1,matplotlib
numpy.c_,1,skimage
numpy.random.mtrand._rand,1,skimage
numpy.random.RandomState,1,skimage
numpy.linalg.pinv,1,skimage
numpy.uint16.ndim,1,dask.array
numpy.bytes_,1,dask.array
numpy.str_,1,dask.array
numpy.uint64.ndim,1,dask.array
numpy.float128,1,dask.array
numpy.complex256.ndim,1,dask.array
numpy.fft.fftfreq,1,matplotlib
numpy.longlong.ndim,1,dask.array
numpy.ulonglong,1,dask.array
numpy.datetime64.ndim,1,dask.array
numpy.convolve,1,skimage
Type[numpy.matrix].__name__,1,dask.array
numpy.lib.arraypad._as_pairs,1,skimage
numpy.flipud,1,matplotlib
numpy.__version__,1,skimage
numpy.matrix.view,1,dask.array
numpy.matrix.__class__,1,dask.array
numpy.int64.ndim,1,skimage
numpy.float16.ndim,1,dask.array
numpy.int8.ndim,1,dask.array
numpy.floor_divide,1,skimage
numpy.random.mtrand.RandomState.lognormal,1,matplotlib
numpy.nan_to_num,1,skimage
numpy.fix,1,dask.array
numpy.einsum,1,skimage
numpy.ndarray.__array_wrap__,1,dask.array
numpy.random.lognormal,1,matplotlib
numpy.fromfile,1,skimage
numpy.ndarray.tobytes,1,skimage
numpy.str_.ndim,1,dask.array
numpy.sctype2char,1,skimage
numpy.typecodes,1,skimage
numpy.full_like,1,skimage
numpy.int_,1,skimage
numpy.reciprocal,1,skimage
numpy.random.mtrand,1,skimage
numpy.bool_.all,1,pandas
numpy.bool_.shape,1,matplotlib
numpy.bool_.dtype,1,dask.array
numpy.ma.core.getdata,1,skimage
numpy.nanmin,1,matplotlib
numpy.int8,1,xarray
numpy.object_,1,xarray
numpy.ravel_multi_index,1,matplotlib
numpy.pad,1,matplotlib
numpy.broadcast_arrays,1,xarray
numpy.around,1,xarray
numpy.frombuffer,1,dask.array
numpy.ma.core.MaskedArray.shrink_mask,1,matplotlib
numpy.ndarray.strides,1,dask.array
numpy.min_scalar_type,1,matplotlib
numpy.ndarray.take,1,matplotlib
numpy.floating,1,matplotlib
numpy.dtype.type,1,matplotlib
builtins.bytes.decode,1,xarray
numpy.random.mtrand.RandomState.bytes,1,dask.array
numpy.uint32,1,dask.array
numpy.random.RandomState,1,dask.array
numpy.uint8,1,xarray
Type[numpy.int64].__mro__,1,matplotlib
Type[numpy.ndarray].__mro__,1,matplotlib
numpy.nanstd,1,pandas
numpy.nextafter,1,pandas
numpy.finfo,1,matplotlib
numpy.dtype.char,1,pandas
numpy.geterr,1,pandas
numpy.Inf,1,pandas
numpy.ndarray.index,1,pandas
numpy.copy,1,pandas
numpy.nanvar,1,pandas
numpy.ndarray.index,1,matplotlib
numpy.transpose,1,xarray
numpy.ndarray.variable,1,xarray
numpy.ndarray.coords,1,xarray
numpy.finfo.tiny,1,matplotlib
numpy.round,1,matplotlib
Type[numpy.float64].__mro__,1,matplotlib
numpy.atleast_2d,1,xarray
numpy.linalg._umath_linalg.eig,1,dask.array
numpy.outer,1,matplotlib
numpy.ma.core.MaskedArray.reshape,1,skimage
numpy.ScalarType,1,dask.array
numpy.hanning,1,skimage
numpy.hamming,1,skimage
numpy.ufunc.nout,1,dask.array
numpy.array2string,1,skimage
numpy.linalg.matrix_rank,1,skimage
numpy.fill_diagonal,1,skimage
numpy.ndarray.argmin,1,skimage
numpy.ndarray.nbytes,1,dask.array
numpy.random.BitGenerator,1,pandas
numpy.dtype.base,1,dask.array
numpy.ndarray.__array_priority__,1,dask.array
numpy.bitwise_xor,1,skimage
numpy.ulonglong,1,skimage
numpy.longlong,1,skimage
numpy.testing._private.utils.assert_no_warnings,1,skimage
numpy.correlate,1,matplotlib
numpy.random.mtrand.RandomState.shuffle,1,matplotlib
numpy.ndarray.item,1,dask.array
numpy.s_,1,skimage
builtins.builtin_function_or_method.__name__,1,dask.array
numpy.void,1,xarray
numpy.ndarray.__class__,1,dask.array
builtins.str.encode,1,xarray
numpy.nanmax,1,matplotlib
numpy.random.mtrand.RandomState.normal,1,xarray
Type[numpy.dtype].__module__,1,dask.array
builtins.str.upper,1,xarray
numpy.isnat,1,xarray
numpy.inexact,1,xarray
numpy.around,1,skimage
numpy.linalg.det,1,matplotlib
numpy.character,1,xarray
numpy.logical_and,1,matplotlib
numpy.ndarray.nonzero,1,matplotlib
numpy.bool8,1,skimage
numpy.random.mtrand.RandomState.random_sample,1,dask.array
numpy.alltrue,1,skimage
numpy.delete,1,matplotlib
